Keyword,Registrations,Recharges,Total Revenue ($),CVR (%),Avg Revenue ($)
surfercloud,1253,307,40078.91,24.5,131.0
sitelink1,606,14,391.4,2.3,28.0
云 服务器,311,31,2545.8599999999997,10.0,82.0
雲服務器,281,39,5040.76,13.9,129.0
云电脑,253,28,4313.66,11.1,154.0
vps hosting,236,46,762.0,19.5,17.0
cloud server,213,63,2042.2200000000003,29.6,32.0
surfer cloud,202,55,1590.26,27.2,29.0
full version deepseek,160,0,0.0,0.0,0.0
digitalocean,140,15,59.4,10.7,4.0
便宜 vps,133,22,774.19,16.5,35.0
servers,117,12,481.2,10.3,40.0
hosted,116,20,94.69999999999999,17.2,5.0
vultr,115,17,111.5,14.8,7.0
雲伺服器,110,18,8049.4,16.4,447.0
香港雲主機,102,16,1716.1299999999999,15.7,107.0
deepseek api,101,0,0.0,0.0,0.0
云 桌面,97,21,776.83,21.6,37.0
vpsserver,96,9,78.2,9.4,9.0
美國vps,93,20,1366.27,21.5,68.0
輕量雲服務器,92,15,6093.82,16.3,406.0
雲主機,80,10,409.28,12.5,41.0
云 主机,73,7,1837.95,9.6,263.0
vps windows,73,5,362.8,6.8,73.0
服務器海外,67,10,2424.46,14.9,242.0
hostinger,61,4,60.699999999999996,6.6,15.0
deepseek vllm,61,0,0.0,0.0,0.0
vps 服务商,60,7,889.12,11.7,127.0
vps 服务器 推荐,59,8,146.5,13.6,18.0
香港服务器,59,8,1245.04,13.6,156.0
vps 服务器,56,9,289.1,16.1,32.0
國外服務器,54,11,1481.72,20.4,135.0
linode,53,5,26.9,9.4,5.0
amazon web services,52,4,40.8,7.7,10.0
台湾 vps,51,1,30.0,2.0,30.0
vps 推荐,50,2,4.9,4.0,2.0
cloud hosting,50,5,83.6,10.0,17.0
deepseek v3 deployment,49,0,0.0,0.0,0.0
cloud vps,49,4,74.1,8.2,19.0
泰国 vps,48,5,176.21,10.4,35.0
服务器 租用,48,5,50.5,10.4,10.0
contabo,47,9,50.050000000000004,19.1,6.0
香港服務器,47,4,102.9,8.5,26.0
surfercloud vps,46,10,178.6,21.7,18.0
cloud computing,45,3,13.55,6.7,5.0
kamatera,44,8,78.4,18.2,10.0
web3 web hosting,44,0,0.0,0.0,0.0
香港 vps,43,6,2742.15,14.0,457.0
upcloud,41,5,58.01,12.2,12.0
decentralised hosting,41,0,0.0,0.0,0.0
lowendtalk,40,4,29.8,10.0,7.0
servidor hosting,40,8,336.6,20.0,42.0
vps 主机,39,9,128.17,23.1,14.0
云主机,38,8,157.57,21.1,20.0
virtual private servers,38,4,216.41,10.5,54.0
dedicated server cheap,37,0,0.0,0.0,0.0
aws server alternatives,36,0,0.0,0.0,0.0
香港伺服器,36,2,123.03,5.6,62.0
cloud server platform,36,3,781.0,8.3,260.0
雲伺服器推薦,35,4,149.7,11.4,37.0
aws netlify alternative,35,0,0.0,0.0,0.0
surfercloud login,35,1,11.7,2.9,12.0
台湾 服务器,34,5,277.7,14.7,56.0
服务器 购买,34,3,93.30000000000001,8.8,31.0
texting service,33,0,0.0,0.0,0.0
free rdp vps,33,0,0.0,0.0,0.0
vps server hosting,33,3,119.7,9.1,40.0
deepseek r1 model,33,0,0.0,0.0,0.0
香港 云 服务器,33,1,4.8,3.0,5.0
香港 主機,32,5,2685.0,15.6,537.0
blackfriday,31,1,5.0,3.2,5.0
雲 電腦,31,3,45.74,9.7,15.0
云 平台,30,2,528.36,6.7,264.0
ionos,30,5,32.0,16.7,6.0
ovh,30,4,16.7,13.3,4.0
web3 hosting provider,30,0,0.0,0.0,0.0
雲服務器香港,30,4,92.0,13.3,23.0
云 服务,30,2,381.06,6.7,191.0
dedicated hosting,29,1,5.0,3.4,5.0
台湾 vps 服务器,29,5,417.9,17.2,84.0
海外服務器租用,29,2,44.9,6.9,22.0
rdp free,28,0,0.0,0.0,0.0
free rdp,28,0,0.0,0.0,0.0
deepseek deployment,28,0,0.0,0.0,0.0
轻 量 云 服务器,28,6,79.1,21.4,13.0
海外雲服務器,27,5,243.89999999999998,18.5,49.0
海外 服务器,27,2,23.799999999999997,7.4,12.0
alibaba cloud,27,2,5.8,7.4,3.0
openai api,27,1,10.0,3.7,10.0
海外 主机,27,6,287.34000000000003,22.2,48.0
海外服務器,27,7,90.2,25.9,13.0
海外伺服器,27,6,92.8,22.2,15.0
racknerd,27,3,14.7,11.1,5.0
轻 量 应用 服务器,26,4,126.50000000000001,15.4,32.0
vps 黑色 星期五,25,3,73.8,12.0,25.0
cloud computing services,25,2,25.9,8.0,13.0
deepseek r1 128k context,25,0,0.0,0.0,0.0
website hosting,24,3,11.399999999999999,12.5,4.0
deepseek installation,24,0,0.0,0.0,0.0
臺灣主機,24,2,68.9,8.3,34.0
sms sms,24,0,0.0,0.0,0.0
远程 电脑 出租,24,6,129.94,25.0,22.0
服务器 租赁,23,4,363.45,17.4,91.0
nube cloud,23,0,0.0,0.0,0.0
deepseek api key,23,0,0.0,0.0,0.0
冲浪云,23,2,11.9,8.7,6.0
hourly vps,23,3,135.0,13.0,45.0
香港主機,22,2,22.1,9.1,11.0
雲端 電腦,22,3,117.9,13.6,39.0
azure cloud,22,2,6.9,9.1,3.0
海外云电脑,22,5,70.87,22.7,14.0
usdt 购买 服务器,22,7,290.8,31.8,42.0
vpn 服务器 推荐,22,2,328.9,9.1,164.0
香港 云 电脑,21,1,20.9,4.8,21.0
sitelink05,21,5,31.6,23.8,6.0
vps 虚拟服务器,21,3,20.700000000000003,14.3,7.0
cloud pc,21,0,0.0,0.0,0.0
香港 云,21,1,62.9,4.8,63.0
月 付 vps,21,4,589.1,19.0,147.0
日本vps,21,4,29.6,19.0,7.0
cheap managed vps,21,1,24.0,4.8,24.0
low cost vps,20,3,495.5,15.0,165.0
openclaw cloud,20,0,0.0,0.0,0.0
vps 购买,20,2,26.299999999999997,10.0,13.0
send sms,20,0,0.0,0.0,0.0
vps cloud server,20,2,7.9,10.0,4.0
aws workspaces alternative,20,1,10.0,5.0,10.0
台湾 云 服务器,20,2,502.29999999999995,10.0,251.0
便宜 的 vps,20,2,104.1,10.0,52.0
dedicated cloud server,20,2,135.64,10.0,68.0
vpn 节点 购买,19,0,0.0,0.0,0.0
scaleway,19,2,4.0,10.5,2.0
日本 云 服务器,19,1,240.0,5.3,240.0
warez vps,19,8,10.9,42.1,1.0
香港 服务器 推荐,19,4,346.7,21.1,87.0
aws cloud,19,3,9039.49,15.8,3013.0
云端 电脑,19,0,0.0,0.0,0.0
private cloud server,18,1,10.0,5.6,10.0
windows 10 vps,18,1,3.9,5.6,4.0
vps servers,18,1,58.9,5.6,59.0
香港 vps 推荐,18,4,263.38,22.2,66.0
sitelink01,18,1,114.0,5.6,114.0
新加坡服務器,18,2,1666.19,11.1,833.0
香港雲伺服器,18,2,154.57,11.1,77.0
hetzner,18,3,20.7,16.7,7.0
vps 服务器 购买,17,1,14.4,5.9,14.0
dedicated vps server,17,4,72.73,23.5,18.0
scalahosting,17,5,33.8,29.4,7.0
vps free trial,17,0,0.0,0.0,0.0
windows server,17,0,0.0,0.0,0.0
ai model cloud,17,0,0.0,0.0,0.0
虚拟 主机,17,1,1.0,5.9,1.0
服务器,17,3,298.29999999999995,17.6,99.0
新加坡 服务器,17,3,70.62,17.6,24.0
香港虛擬主機,17,4,1426.81,23.5,357.0
ai model api,17,0,0.0,0.0,0.0
free windows vps,16,0,0.0,0.0,0.0
泰国 服务器,16,3,236.9,18.8,79.0
cloud aws,16,0,0.0,0.0,0.0
gpu cloud server,16,2,25.990000000000002,12.5,13.0
香港 服务器 租用,16,1,3.9,6.2,4.0
runpod,16,1,4.99,6.2,5.0
云 电脑,16,3,54.75,18.8,18.0
monthly vps,16,1,7.9,6.2,8.0
租用 服务器,15,1,6.9,6.7,7.0
国外 云 电脑,15,3,60.699999999999996,20.0,20.0
台灣 vps,15,2,25.799999999999997,13.3,13.0
泰國服務器,15,5,298.55,33.3,60.0
ai model service,15,0,0.0,0.0,0.0
windows vps,15,0,0.0,0.0,0.0
免 实名 服务器,15,3,147.60000000000002,20.0,49.0
日本服務器,15,3,40.45,20.0,13.0
cheap rdp,15,0,0.0,0.0,0.0
泰國伺服器,14,3,131.35000000000002,21.4,44.0
vps taiwan,14,0,0.0,0.0,0.0
cloudflare,14,0,0.0,0.0,0.0
thailand vps,14,1,3.9,7.1,4.0
国外 云 服务器 推荐,14,4,1827.9,28.6,457.0
ovhcloud,14,3,45.8,21.4,15.0
platform hosting services,14,1,21.9,7.1,22.0
輕量應用服務器,14,1,2.9,7.1,3.0
greencloudvps,14,0,0.0,0.0,0.0
usdt 服务器,14,3,63.73,21.4,21.0
黑五vps活动,14,3,21.400000000000002,21.4,7.0
vps company,13,1,6.9,7.7,7.0
雲服務器推薦,13,3,38.9,23.1,13.0
雲端 windows,13,3,34.9,23.1,12.0
mobile sms online,13,1,10.0,7.7,10.0
vpn server,12,0,0.0,0.0,0.0
vps platform,12,1,60.75,8.3,61.0
hk vps,12,4,348.52000000000004,33.3,87.0
cloud vps hosting,12,0,0.0,0.0,0.0
云 电脑 推荐,12,1,20.9,8.3,21.0
openclaw hosting,12,1,23.5,8.3,24.0
amazon aws alternatives,12,0,0.0,0.0,0.0
vps hong kong,12,0,0.0,0.0,0.0
rdp windows,12,0,0.0,0.0,0.0
香港 主机,12,0,0.0,0.0,0.0
windows 云 电脑,12,0,0.0,0.0,0.0
free vps hosting,12,0,0.0,0.0,0.0
自 建 vpn 服务器,12,0,0.0,0.0,0.0
dedicated hosting service,12,1,18.9,8.3,19.0
web3 server,12,1,7.9,8.3,8.0
buy vps hourly,11,0,0.0,0.0,0.0
臺灣伺服器,11,1,32.56,9.1,33.0
海外 服务器 推荐,11,2,32.9,18.2,16.0
vpn 服务器 搭建,11,0,0.0,0.0,0.0
菲律宾 vps,11,0,0.0,0.0,0.0
印度 vps,11,1,7.9,9.1,8.0
cloud openclaw,11,0,0.0,0.0,0.0
webcloud,11,2,16.8,18.2,8.0
台灣 虛擬 主機,11,1,30.0,9.1,30.0
affiliate program passive income,11,0,0.0,0.0,0.0
gemini api access,10,0,0.0,0.0,0.0
surfer cloud free trial,10,0,0.0,0.0,0.0
海外 云 桌面,10,3,76.9,30.0,26.0
lightnode,10,1,2.9,10.0,3.0
cloud hosting providers,10,1,1.0,10.0,1.0
vps 年 付,10,1,2.9,10.0,3.0
llm api,10,0,0.0,0.0,0.0
vps hourly,10,0,0.0,0.0,0.0
free remote desktop software,10,0,0.0,0.0,0.0
ssd nodes,10,0,0.0,0.0,0.0
菲律賓伺服器,10,1,3.6,10.0,4.0
虚拟 服务器,10,1,10.0,10.0,10.0
cloud computer,10,3,55.94,30.0,19.0
hosting vps server,10,3,23.5,30.0,8.0
private virtual server,10,2,244.0,20.0,122.0
雲 主機,10,0,0.0,0.0,0.0
decentralized website hosting,10,0,0.0,0.0,0.0
openclaw cloud server,9,0,0.0,0.0,0.0
美國服務器,9,4,63.7,44.4,16.0
国外 云 服务器,9,0,0.0,0.0,0.0
siteground,9,1,2.9,11.1,3.0
臺灣服務器,9,2,462.4,22.2,231.0
anthropic api,9,0,0.0,0.0,0.0
vpsdime,9,0,0.0,0.0,0.0
web3 hosting,9,0,0.0,0.0,0.0
服务器 香港,9,1,260.0,11.1,260.0
gpu vps,9,0,0.0,0.0,0.0
virtual servers,9,0,0.0,0.0,0.0
cloud services,9,1,3.6,11.1,4.0
virmach,9,4,32.7,44.4,8.0
kinsta,9,2,16.8,22.2,8.0
新加坡主機,9,0,0.0,0.0,0.0
a2 hosting,9,4,18.6,44.4,5.0
time4vps,9,4,86.7,44.4,22.0
microsoft cloud server,9,0,0.0,0.0,0.0
taiwan vps,9,0,0.0,0.0,0.0
云 电脑 租用,9,1,18.9,11.1,19.0
日本 服务器,9,2,76.9,22.2,38.0
google cloud gpu alternatives,8,0,0.0,0.0,0.0
deepseek r1 deployment,8,0,0.0,0.0,0.0
美国 云 电脑,8,2,52.06,25.0,26.0
美国服务器,8,0,0.0,0.0,0.0
cloud vps ssd,8,0,0.0,0.0,0.0
香港 vps 服务器 推荐,8,1,5.0,12.5,5.0
vpn 服务器,8,1,19.0,12.5,19.0
phone sms,8,0,0.0,0.0,0.0
low latency vps,8,0,0.0,0.0,0.0
text marketing platforms,8,0,0.0,0.0,0.0
cloud server providers,8,0,0.0,0.0,0.0
vps推荐,8,1,32.9,12.5,33.0
jp vps,8,1,18.9,12.5,19.0
sms sending service,8,0,0.0,0.0,0.0
越南 服务器,8,2,117.58,25.0,59.0
日本 vps,8,0,0.0,0.0,0.0
cpu 服务器,8,2,114.15,25.0,57.0
decentralised web hosting,8,0,0.0,0.0,0.0
private vps,8,1,18.9,12.5,19.0
海外 云 服务器,8,0,0.0,0.0,0.0
台湾vps,8,1,1.9,12.5,2.0
匿名 服务器,8,4,89.8,50.0,22.0
vps host,8,0,0.0,0.0,0.0
vpsuniverse,8,1,3.9,12.5,4.0
越南 vps,8,1,240.41,12.5,240.0
surfer cloud vps,8,1,9.9,12.5,10.0
vps windows gratis,8,0,0.0,0.0,0.0
游戏服务器,8,0,0.0,0.0,0.0
cloudcone,8,2,33.9,25.0,17.0
tiktok服务器,8,0,0.0,0.0,0.0
servicios en la nube,8,0,0.0,0.0,0.0
云 主机 windows,7,1,2.9,14.3,3.0
windows 云 桌面,7,0,0.0,0.0,0.0
云 電腦,7,2,23.799999999999997,28.6,12.0
云 服务器 推荐,7,0,0.0,0.0,0.0
香港 云 服务器 推荐,7,2,78.47,28.6,39.0
國外伺服器推薦,7,3,78.9,42.9,26.0
openai api platform,7,0,0.0,0.0,0.0
sitelink2,7,0,0.0,0.0,0.0
租 遠 端 電腦,7,0,0.0,0.0,0.0
美国 云 服务器,7,0,0.0,0.0,0.0
cloud platform,7,0,0.0,0.0,0.0
香港vps,7,2,43.9,28.6,22.0
vps 台灣,7,1,20.0,14.3,20.0
web3 cloud provider,7,0,0.0,0.0,0.0
microsoft azure alternatives,7,0,0.0,0.0,0.0
bulk sms sender,7,0,0.0,0.0,0.0
web3 servers,7,0,0.0,0.0,0.0
anthropic api key,7,0,0.0,0.0,0.0
免 实名 vps,7,0,0.0,0.0,0.0
claw.cloud,7,1,10.0,14.3,10.0
gpu hosting,7,0,0.0,0.0,0.0
低 价 vps,7,1,2.9,14.3,3.0
exabytes,7,0,0.0,0.0,0.0
windows云主机,6,0,0.0,0.0,0.0
cloud company,6,1,12.9,16.7,13.0
泰国 云 服务器,6,1,6.9,16.7,7.0
host virtual,6,1,10.9,16.7,11.0
hongkong vps,6,0,0.0,0.0,0.0
vps hongkong,6,3,29.5,50.0,10.0
节点 购买,6,0,0.0,0.0,0.0
莱卡 云,6,0,0.0,0.0,0.0
便宜 windows vps,6,0,0.0,0.0,0.0
越南服务器,6,3,2197.9,50.0,733.0
smb phone packages,6,0,0.0,0.0,0.0
顺 网 云 电脑,6,0,0.0,0.0,0.0
secure cloud server,6,0,0.0,0.0,0.0
server windows,6,1,2.9,16.7,3.0
搭 梯子 vps 推荐,6,1,125.43,16.7,125.0
alphavps,6,2,8.7,33.3,4.0
vps黑五,6,1,3.9,16.7,4.0
日本伺服器,6,2,107.6,33.3,54.0
cheapest vps forex,6,0,0.0,0.0,0.0
virtual private server for trading,6,0,0.0,0.0,0.0
cloud software,6,0,0.0,0.0,0.0
远程 服务器,6,3,84.80000000000001,50.0,28.0
伺服 器 租用,6,0,0.0,0.0,0.0
vps hourly rate,6,2,14.01,33.3,7.0
japan vps,6,1,12.9,16.7,13.0
cloud host,6,0,0.0,0.0,0.0
匿名 vps,6,2,67.8,33.3,34.0
instant vps,6,0,0.0,0.0,0.0
台灣服務器,6,0,0.0,0.0,0.0
台湾 便宜 vps,6,1,2.9,16.7,3.0
vps server trading,6,1,18.9,16.7,19.0
buy claude api,6,0,0.0,0.0,0.0
中转服务器,6,0,0.0,0.0,0.0
best cdn,6,1,10.0,16.7,10.0
东南亚 vps 推荐,5,0,0.0,0.0,0.0
cloud computing hosting,5,1,10.0,20.0,10.0
亿 速 云,5,0,0.0,0.0,0.0
俄罗斯vps,5,3,212.9,60.0,71.0
億速雲,5,2,262.16,40.0,131.0
ai model deployment,5,0,0.0,0.0,0.0
黑五主机活动,5,0,0.0,0.0,0.0
anthropic claude api,5,0,0.0,0.0,0.0
smbs cloud,5,0,0.0,0.0,0.0
openclaw vps,5,0,0.0,0.0,0.0
high performance vps hosting,5,0,0.0,0.0,0.0
台灣 伺服 器,5,0,0.0,0.0,0.0
台湾 云 主机,5,0,0.0,0.0,0.0
dedicated server singapore,5,0,0.0,0.0,0.0
vps hosting sites,5,2,11.5,40.0,6.0
vps gpu server,5,0,0.0,0.0,0.0
free deepseek api,5,0,0.0,0.0,0.0
deepseek sglang,5,0,0.0,0.0,0.0
cloud system,5,0,0.0,0.0,0.0
ddos protected vps hosting,5,0,0.0,0.0,0.0
gopenclawd,5,1,9.9,20.0,10.0
web hosting affiliate program,5,0,0.0,0.0,0.0
vps 厂商,5,0,0.0,0.0,0.0
windows vps server,5,1,12.9,20.0,13.0
windows vps with remote desktop,5,0,0.0,0.0,0.0
cloud server service providers,5,0,0.0,0.0,0.0
cloudways,5,0,0.0,0.0,0.0
新加坡伺服器,5,3,3369.0,60.0,1123.0
年 付 vps,5,1,26.3,20.0,26.0
国外的服务器,5,0,0.0,0.0,0.0
境外服務器,5,0,0.0,0.0,0.0
外国服务器,5,0,0.0,0.0,0.0
rdp hosting,5,0,0.0,0.0,0.0
东南亚 vps,5,0,0.0,0.0,0.0
云 服务 商,5,0,0.0,0.0,0.0
ai api for developers,5,0,0.0,0.0,0.0
马来西亚服务器,5,0,0.0,0.0,0.0
高 性能 vps,4,0,0.0,0.0,0.0
香港 服务器,4,1,10.0,25.0,10.0
香港 服务器 购买,4,0,0.0,0.0,0.0
api to send sms,4,0,0.0,0.0,0.0
cloud computing for small businesses,4,0,0.0,0.0,0.0
新加坡 vps,4,0,0.0,0.0,0.0
境外伺服器,4,4,3088.81,100.0,772.0
好 用 的 vps,4,1,24.0,25.0,24.0
aws,4,0,0.0,0.0,0.0
国外 vps,4,1,20.9,25.0,21.0
国外 服务器,4,0,0.0,0.0,0.0
国外 服务器 推荐,4,1,16.3,25.0,16.0
google cloud servers,4,0,0.0,0.0,0.0
国外服务器,4,0,0.0,0.0,0.0
sms service,4,0,0.0,0.0,0.0
便宜雲伺服器,4,0,0.0,0.0,0.0
cloud server singapore,4,0,0.0,0.0,0.0
云 服务器 购买,4,1,10.8,25.0,11.0
云 主机 推荐,4,0,0.0,0.0,0.0
smb phone solutions,4,0,0.0,0.0,0.0
tokyo vps,4,2,39.9,50.0,20.0
text messaging service for business,4,0,0.0,0.0,0.0
singapore vps server,4,0,0.0,0.0,0.0
sitelink02,4,0,0.0,0.0,0.0
interserver,4,0,0.0,0.0,0.0
hourly dedicated server,4,0,0.0,0.0,0.0
vps 配置,4,0,0.0,0.0,0.0
cloud hosting black friday,4,0,0.0,0.0,0.0
dedicated server hosting,4,2,11.8,50.0,6.0
vps-mart,4,1,54.0,25.0,54.0
vpsandserver,4,1,35.0,25.0,35.0
hostgator,4,1,1.0,25.0,1.0
hong kong server,4,0,0.0,0.0,0.0
美国 服务器 推荐,4,2,18.8,50.0,9.0
intensehost,4,2,33.9,50.0,17.0
vps 台湾,4,0,0.0,0.0,0.0
cloudfront,4,0,0.0,0.0,0.0
越南服務器,4,1,1840.0,25.0,1840.0
印度 服务器,4,0,0.0,0.0,0.0
台湾 vps 推荐,4,1,10.0,25.0,10.0
gpu服务器,4,0,0.0,0.0,0.0
gpu租赁,4,0,0.0,0.0,0.0
越南 伺服器,4,1,12.0,25.0,12.0
dreamhost,4,1,1.0,25.0,1.0
free rdp server,4,0,0.0,0.0,0.0
台湾服务器,4,1,10.9,25.0,11.0
匿名 云 服务器,4,2,19.8,50.0,10.0
vps server trial,4,0,0.0,0.0,0.0
google cdn,4,0,0.0,0.0,0.0
openai gpt models access,4,0,0.0,0.0,0.0
netcup,4,0,0.0,0.0,0.0
vps cpu,4,0,0.0,0.0,0.0
泰国 vps 推荐,4,1,152.8,25.0,153.0
truehost,4,0,0.0,0.0,0.0
台灣虛擬主機,4,1,2.9,25.0,3.0
leaseweb,4,0,0.0,0.0,0.0
usdt购买vps,4,0,0.0,0.0,0.0
gpu 租用,4,0,0.0,0.0,0.0
minecraft 伺服 器 託管,4,0,0.0,0.0,0.0
日本 vps 推荐,4,0,0.0,0.0,0.0
云 主机 服务器,4,0,0.0,0.0,0.0
windows云电脑,4,0,0.0,0.0,0.0
windows雲伺服器,4,0,0.0,0.0,0.0
best vps forex,4,1,2.9,25.0,3.0
send sms text,4,0,0.0,0.0,0.0
香港雲服務器,3,0,0.0,0.0,0.0
de vps,3,1,12.9,33.3,13.0
best google cloud alternative,3,0,0.0,0.0,0.0
萤 光 云,3,0,0.0,0.0,0.0
alternative cloud storage to google drive,3,0,0.0,0.0,0.0
alternative to google cloud platform,3,0,0.0,0.0,0.0
国外 服务器 租用,3,0,0.0,0.0,0.0
韓國主機,3,2,12.9,66.7,6.0
推薦 伺服 器,3,0,0.0,0.0,0.0
cloudfanatic,3,0,0.0,0.0,0.0
sms service for business,3,0,0.0,0.0,0.0
搭建 vpn 服务器 推荐,3,1,277.5,33.3,278.0
轻量云服务器,3,1,30.0,33.3,30.0
香港伺服器租用,3,1,10.0,33.3,10.0
服务器 托管,3,1,9.9,33.3,10.0
server cloud,3,0,0.0,0.0,0.0
hostkey,3,0,0.0,0.0,0.0
hostvds,3,0,0.0,0.0,0.0
台灣服務器租用,3,0,0.0,0.0,0.0
lazer hosting,3,0,0.0,0.0,0.0
webhost.sh,3,0,0.0,0.0,0.0
offshore vps,3,1,20.9,33.3,21.0
minecraft 伺服 器 推薦,3,0,0.0,0.0,0.0
surfcloud,3,1,18.9,33.3,19.0
泰国 vps tiktok,3,1,6.9,33.3,7.0
hourly vps server,3,0,0.0,0.0,0.0
google cloud cdn,3,0,0.0,0.0,0.0
google cloud platform alternative,3,0,0.0,0.0,0.0
购买 云 服务器,3,0,0.0,0.0,0.0
discount vps,3,0,0.0,0.0,0.0
fast cloud server,3,0,0.0,0.0,0.0
forex trading servers,3,0,0.0,0.0,0.0
forex vps pro,3,0,0.0,0.0,0.0
海外 vps 推荐,3,0,0.0,0.0,0.0
hong kong vps,3,0,0.0,0.0,0.0
host gpu,3,0,0.0,0.0,0.0
vps server cloud,3,0,0.0,0.0,0.0
vps 日本,3,0,0.0,0.0,0.0
windows rdp free,3,0,0.0,0.0,0.0
cloud solutions,3,0,0.0,0.0,0.0
warez-host,3,1,1.0,33.3,1.0
轻 量 服务器,3,2,13.31,66.7,7.0
vps hosting service provider,3,0,0.0,0.0,0.0
vps free,3,0,0.0,0.0,0.0
cheap forex vps server,3,0,0.0,0.0,0.0
cloud vps server hosting,3,1,1.9,33.3,2.0
empresas de cloud,3,0,0.0,0.0,0.0
enterprise website hosting,3,0,0.0,0.0,0.0
deploy gemini model,3,0,0.0,0.0,0.0
游戏 云 电脑,3,0,0.0,0.0,0.0
deepseek v3 inference api,3,0,0.0,0.0,0.0
hourly billing vps,3,0,0.0,0.0,0.0
cloud hosting servers,3,0,0.0,0.0,0.0
cloud hosting solutions,3,0,0.0,0.0,0.0
cloud hosting platform,3,0,0.0,0.0,0.0
servicios cloud,3,0,0.0,0.0,0.0
short message service,3,0,0.0,0.0,0.0
surfercloud测评,3,1,9.9,33.3,10.0
免 备案 服务器,3,0,0.0,0.0,0.0
免費windows雲端主機,3,0,0.0,0.0,0.0
buy vps,3,0,0.0,0.0,0.0
cloud hosting price,3,0,0.0,0.0,0.0
香港伺服器購買,3,1,6.9,33.3,7.0
bandwagonhost,3,0,0.0,0.0,0.0
cloud for small medium business,3,1,20.0,33.3,20.0
1 vps server,3,0,0.0,0.0,0.0
decentralized cloud hosting,3,0,0.0,0.0,0.0
africa cloud server,3,0,0.0,0.0,0.0
香港 云 服务 商,3,0,0.0,0.0,0.0
alexhost,3,1,2.9,33.3,3.0
香港云服务器,3,0,0.0,0.0,0.0
cloud computing platform,3,1,6.9,33.3,7.0
cloud based storage providers,3,0,0.0,0.0,0.0
black friday vps,3,1,5.0,33.3,5.0
马来西亚 云 服务器,3,0,0.0,0.0,0.0
gpu server,3,0,0.0,0.0,0.0
lagos vps,3,0,0.0,0.0,0.0
stealthrdp,3,3,15.9,100.0,5.0
cloud server resources,2,0,0.0,0.0,0.0
alibaba cloud alternatives,2,0,0.0,0.0,0.0
黑五vps优惠,2,0,0.0,0.0,0.0
cloud vps thailand,2,0,0.0,0.0,0.0
国外服务器厂商,2,0,0.0,0.0,0.0
境外 服务器,2,1,156.55,50.0,157.0
rdp vps,2,0,0.0,0.0,0.0
支持 usdt 的 vps,2,0,0.0,0.0,0.0
性價比高的雲服務器,2,1,95.9,50.0,96.0
america server vps,2,0,0.0,0.0,0.0
anonymous vps,2,0,0.0,0.0,0.0
black friday web hosting deals,2,0,0.0,0.0,0.0
azure cdn,2,0,0.0,0.0,0.0
cloud computing microsoft,2,0,0.0,0.0,0.0
buy vps with usdt,2,0,0.0,0.0,0.0
bytedance ai model,2,0,0.0,0.0,0.0
雲端 運算 服務,2,0,0.0,0.0,0.0
伺服器海外,2,0,0.0,0.0,0.0
云 电脑 海外,2,0,0.0,0.0,0.0
云gpu,2,0,0.0,0.0,0.0
云 服务器 国外,2,0,0.0,0.0,0.0
雲端 服務 供應 商,2,0,0.0,0.0,0.0
免 实名 云 服务器,2,0,0.0,0.0,0.0
免备案服务器,2,0,0.0,0.0,0.0
便宜雲服務器,2,0,0.0,0.0,0.0
cloud server hosting,2,0,0.0,0.0,0.0
cloud network solutions,2,1,20.9,50.0,21.0
cloud pc windows,2,1,22.9,50.0,23.0
菲律宾 服务器,2,0,0.0,0.0,0.0
arubacloud,2,0,0.0,0.0,0.0
indonesia cloud server,2,0,0.0,0.0,0.0
hourly cloud vps,2,0,0.0,0.0,0.0
deepseek,2,0,0.0,0.0,0.0
英國伺服器,2,0,0.0,0.0,0.0
美国vps,2,0,0.0,0.0,0.0
算力租用,2,0,0.0,0.0,0.0
算力租赁,2,0,0.0,0.0,0.0
美国 vps,2,0,0.0,0.0,0.0
vps server free,2,0,0.0,0.0,0.0
vps hosting free trial,2,0,0.0,0.0,0.0
vps 租用,2,0,0.0,0.0,0.0
vps 美国,2,1,33.79,50.0,34.0
vps providers,2,1,12.9,50.0,13.0
free rdp hosting,2,0,0.0,0.0,0.0
free rdp lifetime,2,0,0.0,0.0,0.0
openai gpt api,2,0,0.0,0.0,0.0
海外 云 主机,2,1,2.9,50.0,3.0
泰国 原生 vps,2,0,0.0,0.0,0.0
洛杉矶服务器,2,1,12.9,50.0,13.0
vps openclaw,2,0,0.0,0.0,0.0
gigsgigscloud,2,1,2.9,50.0,3.0
台灣雲服務器,2,1,8.0,50.0,8.0
国内 vps,2,0,0.0,0.0,0.0
国内 云 服务器,2,1,13.0,50.0,13.0
台灣 vps 推薦,2,0,0.0,0.0,0.0
台灣 雲 服務器,2,1,159.97,50.0,160.0
台湾 原生 ip vps,2,0,0.0,0.0,0.0
hyonix,2,0,0.0,0.0,0.0
hosting vps,2,0,0.0,0.0,0.0
hostwinds,2,1,10.0,50.0,10.0
日本虛擬主機,2,0,0.0,0.0,0.0
新加坡 云 服务器,2,0,0.0,0.0,0.0
server openclaw,2,0,0.0,0.0,0.0
tw vps,2,0,0.0,0.0,0.0
usdt vps,2,1,50.0,50.0,50.0
gpu 租赁,2,0,0.0,0.0,0.0
storm server hosting,2,0,0.0,0.0,0.0
vps cyber monday,2,0,0.0,0.0,0.0
vps anonymous,2,0,0.0,0.0,0.0
vietnam cloud server,2,2,6.0,100.0,3.0
navicosoft,2,1,3.9,50.0,4.0
nigeria vps,2,0,0.0,0.0,0.0
nigeria vps hosting,2,1,5.9,50.0,6.0
provider sms,2,0,0.0,0.0,0.0
oracle,2,0,0.0,0.0,0.0
free deepseek api key,2,0,0.0,0.0,0.0
hostarmada,2,1,3.9,50.0,4.0
webhostingtalk,2,0,0.0,0.0,0.0
vultr server,2,0,0.0,0.0,0.0
vps 服务 商 推荐,2,0,0.0,0.0,0.0
enterprise cloud solutions,2,0,0.0,0.0,0.0
digitalocean 服务器,2,0,0.0,0.0,0.0
澳门 vps,2,0,0.0,0.0,0.0
cheap cloud server,2,0,0.0,0.0,0.0
bluehost,2,0,0.0,0.0,0.0
business text messaging,2,0,0.0,0.0,0.0
business texting,2,0,0.0,0.0,0.0
雲端 伺服,2,0,0.0,0.0,0.0
text service for business,2,0,0.0,0.0,0.0
the cloud hosting,2,0,0.0,0.0,0.0
linux vps,2,0,0.0,0.0,0.0
liquid web,2,0,0.0,0.0,0.0
london windows vps,2,0,0.0,0.0,0.0
qwen ai model platform,2,0,0.0,0.0,0.0
qwen model api,2,0,0.0,0.0,0.0
servidor vps,2,0,0.0,0.0,0.0
tnahosting,2,1,1.9,50.0,2.0
serverpoint,2,0,0.0,0.0,0.0
secure cloud hosting,2,0,0.0,0.0,0.0
secure hosting,2,0,0.0,0.0,0.0
send marketing text messages,2,0,0.0,0.0,0.0
sms marketing company,2,0,0.0,0.0,0.0
openclaw server,2,0,0.0,0.0,0.0
服务器 免费,2,0,0.0,0.0,0.0
google cloud platform alternatives,2,0,0.0,0.0,0.0
google cloud sql alternative,2,0,0.0,0.0,0.0
databasemart,2,0,0.0,0.0,0.0
alternatives to google cloud sql,2,1,6.9,50.0,7.0
雲伺服器香港,2,1,1.9,50.0,2.0
buy vps server,2,0,0.0,0.0,0.0
sms messaging,2,0,0.0,0.0,0.0
cheap vserver,2,0,0.0,0.0,0.0
cheapest forex vps,2,0,0.0,0.0,0.0
cheap monthly vps,2,0,0.0,0.0,0.0
不实名服务器,2,0,0.0,0.0,0.0
香港雲端伺服器,2,0,0.0,0.0,0.0
马来西亚 vps,2,0,0.0,0.0,0.0
香港輕量雲,2,0,0.0,0.0,0.0
香港雲伺服器推薦,2,0,0.0,0.0,0.0
雲伺服器價格,2,1,7.9,50.0,8.0
cloud based server solutions,2,0,0.0,0.0,0.0
云 主机 搭建 vpn,2,0,0.0,0.0,0.0
xhs,2,0,0.0,0.0,0.0
8卡gpu服务器,1,0,0.0,0.0,0.0
ai训练服务器,1,0,0.0,0.0,0.0
america best vps,1,0,0.0,0.0,0.0
america cloud server,1,0,0.0,0.0,0.0
america server cloud,1,0,0.0,0.0,0.0
america vps,1,1,1.0,100.0,1.0
anonymous cloud hosting,1,0,0.0,0.0,0.0
avenacloud,1,0,0.0,0.0,0.0
aws vercel alternative,1,0,0.0,0.0,0.0
cloud server company,1,0,0.0,0.0,0.0
cloud server cost,1,0,0.0,0.0,0.0
cloud server hosting price,1,0,0.0,0.0,0.0
cloud server hosting singapore,1,0,0.0,0.0,0.0
cloud server pricing,1,0,0.0,0.0,0.0
cloud server services,1,0,0.0,0.0,0.0
cloud server solutions,1,0,0.0,0.0,0.0
cheap forex vps windows,1,0,0.0,0.0,0.0
越南伺服器,1,0,0.0,0.0,0.0
輕量級雲伺服器,1,1,10836.06,100.0,10836.0
遠 端 電腦 出租,1,1,3427.6,100.0,3428.0
雲 服務,1,0,0.0,0.0,0.0
雲 電腦 推薦,1,0,0.0,0.0,0.0
cloud hosting free trial,1,0,0.0,0.0,0.0
cloud hosting pricing,1,0,0.0,0.0,0.0
cloud hosting vietnam,1,1,3.9,100.0,4.0
cpu 租用,1,0,0.0,0.0,0.0
cpu算力租用,1,1,4.0,100.0,4.0
database mart,1,0,0.0,0.0,0.0
菲律宾 vps 推荐,1,0,0.0,0.0,0.0
虛擬 主機 windows,1,0,0.0,0.0,0.0
购买gpu,1,0,0.0,0.0,0.0
越南 vps 推荐,1,0,0.0,0.0,0.0
越南 云 服务器,1,0,0.0,0.0,0.0
eric,1,0,0.0,0.0,0.0
everleap,1,0,0.0,0.0,0.0
evoxt,1,0,0.0,0.0,0.0
cloud solutions and services,1,0,0.0,0.0,0.0
cloud vps hosting nigeria,1,0,0.0,0.0,0.0
cloud vps hourly billing,1,0,0.0,0.0,0.0
cloud web hosting london,1,0,0.0,0.0,0.0
cloud web server,1,0,0.0,0.0,0.0
video cdn,1,0,0.0,0.0,0.0
viperhost,1,1,100.0,100.0,100.0
virtual private server trading,1,0,0.0,0.0,0.0
vps cloud server free,1,0,0.0,0.0,0.0
vps en la nube,1,0,0.0,0.0,0.0
vps for metatrader 4,1,0,0.0,0.0,0.0
vps for openclaw,1,0,0.0,0.0,0.0
vps for wordpress,1,0,0.0,0.0,0.0
台湾 vps 购买,1,0,0.0,0.0,0.0
台湾 云,1,0,0.0,0.0,0.0
台湾 住宅 ip vps,1,0,0.0,0.0,0.0
台湾服务器购买,1,0,0.0,0.0,0.0
台灣伺服器租用,1,0,0.0,0.0,0.0
台灣雲主機,1,1,113.01,100.0,113.0
uk linux vps,1,0,0.0,0.0,0.0
use qwen model online,1,0,0.0,0.0,0.0
vps gta,1,0,0.0,0.0,0.0
vps hosting black friday extended sale,1,0,0.0,0.0,0.0
vps jp,1,0,0.0,0.0,0.0
vps provider,1,1,1.0,100.0,1.0
vps server forex,1,0,0.0,0.0,0.0
vps singapore,1,0,0.0,0.0,0.0
vps trial,1,0,0.0,0.0,0.0
vps usa,1,0,0.0,0.0,0.0
windows vps hourly,1,0,0.0,0.0,0.0
windows 云 服务器,1,0,0.0,0.0,0.0
vps windows server gratis,1,1,3.9,100.0,4.0
vps 低 价,1,1,3.9,100.0,4.0
vps 便宜,1,0,0.0,0.0,0.0
vps 台灣 推薦,1,0,0.0,0.0,0.0
vps 搭建 vpn,1,0,0.0,0.0,0.0
vps forex,1,0,0.0,0.0,0.0
外国 云服务器,1,0,0.0,0.0,0.0
德國主機,1,0,0.0,0.0,0.0
恒 创 科技,1,0,0.0,0.0,0.0
恒源云,1,0,0.0,0.0,0.0
新加坡 主機,1,0,0.0,0.0,0.0
rdp windows gratis,1,0,0.0,0.0,0.0
remarketing,1,0,0.0,0.0,0.0
remote desktop hosting,1,0,0.0,0.0,0.0
site hosting,1,0,0.0,0.0,0.0
skycloud,1,0,0.0,0.0,0.0
sms marketing,1,0,0.0,0.0,0.0
soluciones nube,1,0,0.0,0.0,0.0
ssdnodes,1,0,0.0,0.0,0.0
国外 云 电脑 推荐,1,1,10.9,100.0,11.0
国外服务器商,1,0,0.0,0.0,0.0
土耳其 服务器,1,0,0.0,0.0,0.0
top 10 cloud hosting providers,1,0,0.0,0.0,0.0
trading fx vps,1,0,0.0,0.0,0.0
trading vps,1,0,0.0,0.0,0.0
servicio de cloud,1,0,0.0,0.0,0.0
servicios de nube,1,0,0.0,0.0,0.0
silverhostingnetwork,1,0,0.0,0.0,0.0
singapore vps,1,0,0.0,0.0,0.0
singapore vps provider,1,0,0.0,0.0,0.0
taiwan vps hosting,1,0,0.0,0.0,0.0
taiwan vps server,1,0,0.0,0.0,0.0
tempest hosting,1,1,1.0,100.0,1.0
text marketing services,1,0,0.0,0.0,0.0
text message service,1,0,0.0,0.0,0.0
thailand cloud server,1,1,403.0,100.0,403.0
thailand cloud vps server,1,0,0.0,0.0,0.0
together ai,1,0,0.0,0.0,0.0
pay per hour vps,1,0,0.0,0.0,0.0
peramix,1,0,0.0,0.0,0.0
personal cloud server,1,0,0.0,0.0,0.0
private ai model hosting,1,0,0.0,0.0,0.0
promo,1,1,86.0,100.0,86.0
quantvps,1,0,0.0,0.0,0.0
qwen 2.5 model,1,0,0.0,0.0,0.0
rackspace,1,0,0.0,0.0,0.0
日本 vps 服务器,1,0,0.0,0.0,0.0
日本 云 主机,1,0,0.0,0.0,0.0
日本 伺服器,1,0,0.0,0.0,0.0
日本 机房 vps,1,0,0.0,0.0,0.0
日本主機,1,0,0.0,0.0,0.0
服务器 搭建 vpn,1,0,0.0,0.0,0.0
服务器 节点,1,0,0.0,0.0,0.0
owncloud,1,0,0.0,0.0,0.0
self hosted llm,1,0,0.0,0.0,0.0
serverhost,1,0,0.0,0.0,0.0
servers vps,1,0,0.0,0.0,0.0
serverwala,1,0,0.0,0.0,0.0
新加坡 伺服器,1,0,0.0,0.0,0.0
新加坡云主机,1,0,0.0,0.0,0.0
新加坡服务器,1,0,0.0,0.0,0.0
日本 vps 便宜,1,0,0.0,0.0,0.0
remote desktop server hosting,1,0,0.0,0.0,0.0
resellerclub,1,0,0.0,0.0,0.0
roost hosting,1,0,0.0,0.0,0.0
saturn cloud,1,0,0.0,0.0,0.0
scalable cloud hosting,1,0,0.0,0.0,0.0
scalable hosting solutions,1,0,0.0,0.0,0.0
scloud pte ltd,1,0,0.0,0.0,0.0
secure vps hosting,1,0,0.0,0.0,0.0
hostzealot,1,0,0.0,0.0,0.0
idcloudhost,1,0,0.0,0.0,0.0
infrastructure layer web3,1,0,0.0,0.0,0.0
international vps hosting,1,0,0.0,0.0,0.0
ishosting,1,1,10.0,100.0,10.0
leadergpu,1,0,0.0,0.0,0.0
gpu 云,1,0,0.0,0.0,0.0
gpu 云计算 服务器,1,0,0.0,0.0,0.0
泰國主機,1,0,0.0,0.0,0.0
海外 服务器 购买,1,0,0.0,0.0,0.0
海外伺服器租用,1,0,0.0,0.0,0.0
深度学习gpu,1,0,0.0,0.0,0.0
深度学习gpu服务器,1,0,0.0,0.0,0.0
深度学习云计算,1,0,0.0,0.0,0.0
hosting platforms,1,0,0.0,0.0,0.0
hostinger vps,1,0,0.0,0.0,0.0
mumbai cloud server,1,0,0.0,0.0,0.0
namehero,1,0,0.0,0.0,0.0
offshore hosting,1,1,7.9,100.0,8.0
ollama vps,1,0,0.0,0.0,0.0
服务器试用,1,0,0.0,0.0,0.0
欧洲 vps,1,0,0.0,0.0,0.0
欧陆云,1,0,0.0,0.0,0.0
泰國 伺服器,1,0,0.0,0.0,0.0
rcs message,1,0,0.0,0.0,0.0
linode server,1,0,0.0,0.0,0.0
london windows vps hosting,1,1,38.9,100.0,39.0
london windows vps server,1,0,0.0,0.0,0.0
manila vps,1,0,0.0,0.0,0.0
message sms,1,0,0.0,0.0,0.0
minecraft 服务器 租赁,1,0,0.0,0.0,0.0
mt4 vps,1,0,0.0,0.0,0.0
网站 服务器,1,0,0.0,0.0,0.0
美国 服务器 租用,1,0,0.0,0.0,0.0
节点 服务器,1,0,0.0,0.0,0.0
英国 服务器,1,0,0.0,0.0,0.0
deepseek xinference,1,0,0.0,0.0,0.0
devrdp,1,0,0.0,0.0,0.0
dubai vps servers,1,0,0.0,0.0,0.0
ecommerce cloud hosting,1,0,0.0,0.0,0.0
gpu cloud platform,1,0,0.0,0.0,0.0
gpu dedicated server,1,0,0.0,0.0,0.0
深度学习服务器,1,0,0.0,0.0,0.0
澳大利亚 vps,1,0,0.0,0.0,0.0
狗 云,1,0,0.0,0.0,0.0
独立 服务器,1,0,0.0,0.0,0.0
站群服务器,1,0,0.0,0.0,0.0
算力租赁平台,1,0,0.0,0.0,0.0
hosting cloud server usa,1,0,0.0,0.0,0.0
hosting google cloud,1,0,0.0,0.0,0.0
hosting platform,1,0,0.0,0.0,0.0
free cloud gpu,1,0,0.0,0.0,0.0
free deepseek installation,1,0,0.0,0.0,0.0
game vps,1,0,0.0,0.0,0.0
good vps,1,0,0.0,0.0,0.0
gpu,1,0,0.0,0.0,0.0
gpu平台,1,0,0.0,0.0,0.0
high-performance servers,1,0,0.0,0.0,0.0
hong kong cloud service,1,0,0.0,0.0,0.0
hong kong vps cheap,1,0,0.0,0.0,0.0
hong kong windows vps,1,0,0.0,0.0,0.0
hongkong dedicated server,1,1,6.75,100.0,7.0
host your website,1,0,0.0,0.0,0.0
hosted vps,1,0,0.0,0.0,0.0
雲端 電腦 玩 遊戲,1,0,0.0,0.0,0.0
雲端 電腦 租用,1,0,0.0,0.0,0.0
韩国vps,1,0,0.0,0.0,0.0
香港 vps 便宜,1,0,0.0,0.0,0.0
香港 免 实名 服务器,1,0,0.0,0.0,0.0
affiliate programs for content creators,1,0,0.0,0.0,0.0
Cloud computing,1,0,0.0,0.0,0.0
香港 大 带宽 vps,1,0,0.0,0.0,0.0
best vps,1,0,0.0,0.0,0.0
best vps hosting plans,1,0,0.0,0.0,0.0
black friday cloud hosting,1,0,0.0,0.0,0.0
bulk sms service,1,0,0.0,0.0,0.0
business sms,1,0,0.0,0.0,0.0
business texting app,1,0,0.0,0.0,0.0
雲 電腦 香港,1,0,0.0,0.0,0.0
雲端 服務器,1,0,0.0,0.0,0.0
cloud backup server,1,1,9.9,100.0,10.0
cloud based services,1,0,0.0,0.0,0.0
cloud empresa,1,0,0.0,0.0,0.0
cloud gpu pricing,1,0,0.0,0.0,0.0
best cloud server,1,0,0.0,0.0,0.0
best cloud web hosting,1,0,0.0,0.0,0.0
best forex vps server,1,0,0.0,0.0,0.0
best server provider,1,0,0.0,0.0,0.0
cheap gpu cloud server,1,0,0.0,0.0,0.0
cheap vps,1,1,2.9,100.0,3.0
cheap vps annually,1,0,0.0,0.0,0.0
cheap vps forex,1,1,7.9,100.0,8.0
cheap vps hongkong,1,0,0.0,0.0,0.0
cheap vps windows,1,1,1.9,100.0,2.0
chemicloud,1,0,0.0,0.0,0.0
cloud application,1,0,0.0,0.0,0.0
webhost hk,1,0,0.0,0.0,0.0
website hosting black friday deals,1,0,0.0,0.0,0.0
windows cloud server,1,0,0.0,0.0,0.0
windows cloud vps,1,1,8.0,100.0,8.0
windows server 2019 standard,1,0,0.0,0.0,0.0
windows server 2022,1,0,0.0,0.0,0.0
windows server vps,1,0,0.0,0.0,0.0
windows vps hosting,1,0,0.0,0.0,0.0
云 服务器 搭建 vpn,1,0,0.0,0.0,0.0
云 服务器 香港,1,0,0.0,0.0,0.0
云 桌面 服务器,1,0,0.0,0.0,0.0
云服务器出海,1,0,0.0,0.0,0.0
便宜 vps 年 付,1,1,24.0,100.0,24.0
俄罗斯服务器,1,0,0.0,0.0,0.0
web hosting hk,1,0,0.0,0.0,0.0
web hosting on blockchain,1,0,0.0,0.0,0.0
xai grok inference cloud,1,0,0.0,0.0,0.0
中转服务器推荐,1,0,0.0,0.0,0.0
丽 萨 主机,1,0,0.0,0.0,0.0
乌克兰 服务器,1,0,0.0,0.0,0.0
云 服务 提供 商,1,0,0.0,0.0,0.0
云 服务器 使用,1,0,0.0,0.0,0.0
云 服务器 带宽,1,0,0.0,0.0,0.0
云 服务器 排行,1,0,0.0,0.0,0.0
香港 服务器 usdt,1,1,6.9,100.0,7.0
香港 机房,1,0,0.0,0.0,0.0
香港主机,1,0,0.0,0.0,0.0
香港云服务器 免备案,1,1,50.0,100.0,50.0
香港伺服器供應商,1,0,0.0,0.0,0.0
香港大带宽服务器,1,0,0.0,0.0,0.0
香港高速服务器,1,0,0.0,0.0,0.0
馬來西亞伺服器,1,1,8.1,100.0,8.0
